mode,model,n,p,repeats,seconds_per_fit,checksum,peak_rss_kib
eager,lasso,64,8,20,0.000112,47.822590855161,2752
lazy,lasso,64,8,20,0.000163,47.822590855161,2496
eager,elastic-net,64,8,20,0.000060,10.320790499263,2752
lazy,elastic-net,64,8,20,0.000094,10.320790499263,2640
eager,lasso,1024,32,5,0.006082,12.046590127164,3320
lazy,lasso,1024,32,5,0.006753,12.046590127164,3108
eager,elastic-net,1024,32,5,0.003253,4.487992199179,3532
lazy,elastic-net,1024,32,5,0.005581,4.487992199179,2848
eager,lasso,8192,32,3,0.041297,7.238064867998,6892
lazy,lasso,8192,32,3,0.044913,7.238064867998,4756
eager,elastic-net,8192,32,3,0.029327,6.201311168295,9088
lazy,elastic-net,8192,32,3,0.049184,6.201311168295,5216
eager,lasso,65536,32,2,0.334880,4.826653090303,38532
lazy,lasso,65536,32,2,0.329755,4.826653090303,21812
eager,elastic-net,65536,32,2,0.173556,4.736618579553,54956
lazy,elastic-net,65536,32,2,0.289445,4.736618579553,22364
